playerName,sport,position,realrating,,,,,Sport,Position,Symbol
Shohei Ohtani,MLB,Batter,266.3,,,,,MLB,Batter,batter
Aaron Judge,MLB,Batter,244,,,,,MLB,Starting Pitcher,pitcher
Kyle Schwarber,MLB,Batter,224.8,,,,,MLB,Relief Pitcher,relief
Cal Raleigh,MLB,Batter,223.3,,,,,NBA,All,nba
Pete Alonso,MLB,Batter,217.2,,,,,WNBA,All,wnba
Juan Soto,MLB,Batter,214.5,,,,,NFL,Offense,nflo
Jose Ramirez,MLB,Batter,204.3,,,,,NFL,Defense,nfld
Francisco Lindor,MLB,Batter,202.3,,,,,CFB,Offense,cfbo
Bobby Witt Jr.,MLB,Batter,201.9,,,,,CFB,Defense,cfbd
Geraldo Perdomo,MLB,Batter,199.6,,,,,CBB,All,cbb
Julio Rodriguez,MLB,Batter,198.9,,,,,NHL,All,nhl
Eugenio Suarez,MLB,Batter,196.1,,,,,Golf,All,golf
Riley Greene,MLB,Batter,191.6,,,,,,,
Rafael Devers,MLB,Batter,191.3,,,,,,,
Corbin Carroll,MLB,Batter,190.9,,,,,,,
Trevor Story,MLB,Batter,187.9,,,,,,,
Pete Crow-Armstrong,MLB,Batter,187.9,,,,,,,
George Springer,MLB,Batter,186,,,,,,,
Junior Caminero,MLB,Batter,185.6,,,,,,,
Vinnie Pasquantino,MLB,Batter,185.4,,,,,,,
James Wood,MLB,Batter,185.2,,,,,,,
Freddie Freeman,MLB,Batter,183.3,,,,,,,
Matt Olson,MLB,Batter,182.3,,,,,,,
Bo Bichette,MLB,Batter,181,,,,,,,
Brent Rooker,MLB,Batter,180.4,,,,,,,
Manny Machado,MLB,Batter,180,,,,,,,
Elly De La Cruz,MLB,Batter,179.9,,,,,,,
Byron Buxton,MLB,Batter,179,,,,,,,
Vladimir Guerrero Jr,MLB,Batter,177.8,,,,,,,
Christian Yelich,MLB,Batter,177.7,,,,,,,
Josh Naylor,MLB,Batter,177.6,,,,,,,
Taylor Ward,MLB,Batter,176.9,,,,,,,
Cody Bellinger,MLB,Batter,175,,,,,,,
Fernando Tatis Jr.,MLB,Batter,174.1,,,,,,,
Trea Turner,MLB,Batter,172,,,,,,,
Jarren Duran,MLB,Batter,171.9,,,,,,,
Yandy Diaz,MLB,Batter,171.2,,,,,,,
Brice Turang,MLB,Batter,170.9,,,,,,,
Maikel Garcia,MLB,Batter,170.9,,,,,,,
Randy Arozarena,MLB,Batter,170.7,,,,,,,
Tyler Solderstrom,MLB,Batter,168.1,,,,,,,
Seiya Suzuki,MLB,Batter,167.8,,,,,,,
Hunter Goodman,MLB,Batter,167.6,,,,,,,
Jo Adell,MLB,Batter,166.7,,,,,,,
Michael Busch,MLB,Batter,166.1,,,,,,,
Brandon Nimmo,MLB,Batter,163.2,,,,,,,
Gunnar Henderson,MLB,Batter,162.9,,,,,,,
Salvador Perez,MLB,Batter,162.5,,,,,,,
Andy Pages,MLB,Batter,161.4,,,,,,,
Willy Adames,MLB,Batter,160.9,,,,,,,
Nick Kurtz,MLB,Batter,160,,,,,,,
Kyle Tucker,MLB,Batter,159.2,,,,,,,
Jackson Chourio,MLB,Batter,158.1,,,,,,,
Mookie Betts,MLB,Batter,156.3,,,,,,,
Michael Harris II,MLB,Batter,153.4,,,,,,,
William Contreras,MLB,Batter,153.4,,,,,,,
Shea Langeliers,MLB,Batter,152.9,,,,,,,
Ketel Marte,MLB,Batter,152.6,,,,,,,
Jose Altuve,MLB,Batter,151.7,,,,,,,
Nico Hoerner,MLB,Batter,151.6,,,,,,,
Spencer Torkelson,MLB,Batter,151.3,,,,,,,
Ian Happ,MLB,Batter,151.1,,,,,,,
CJ Abrams,MLB,Batter,150.8,,,,,,,
Bryce Harper,MLB,Batter,150.7,,,,,,,
Tarik Skubal,MLB,Pitcher,150.4,,,,,,,
Christian Walker,MLB,Batter,149.5,,,,,,,
Trent Grisham,MLB,Batter,148.7,,,,,,,
Dansby Swanson,MLB,Batter,148.6,,,,,,,
Bryan Reynolds,MLB,Batter,146.1,,,,,,,
Jorge Polanco,MLB,Batter,146,,,,,,,
Steven Kwan,MLB,Batter,145.9,,,,,,,
Jazz Chisolm,MLB,Batter,145,,,,,,,
Zach Neto,MLB,Batter,144.7,,,,,,,
Ceddanne Rafaela,MLB,Batter,143.2,,,,,,,
Willson Contreras,MLB,Batter,143.1,,,,,,,
Teoscar Hernandez,MLB,Batter,142.9,,,,,,,
Heliot Ramos,MLB,Batter,142.7,,,,,,,
Jeremy Pena,MLB,Batter,142.6,,,,,,,
Garrett Crochet,MLB,Pitcher,142.3,,,,,,,
Brandon Lowe,MLB,Batter,142,,,,,,,
Cristopher Sanchez,MLB,Pitcher,142,,,,,,,
Kyle Stowers,MLB,Batter,141.4,,,,,,,
Lawrence Butler,MLB,Batter,140.7,,,,,,,
Gleyber Torres,MLB,Batter,140.1,,,,,,,
Luis Arraez,MLB,Batter,139.9,,,,,,,
Lourdes Gurriel Jr.,MLB,Batter,138.8,,,,,,,
Jacob Wilson,MLB,Batter,138.2,,,,,,,
Nathaniel Lowe,MLB,Batter,138.1,,,,,,,
Paul Skenes,MLB,Pitcher,137.3,,,,,,,
Otto Lopez,MLB,Batter,137.3,,,,,,,
Alec Burleson,MLB,Batter,137.1,,,,,,,
Ramon Laureano,MLB,Batter,137,,,,,,,
Agustin Ramirez,MLB,Batter,136.7,,,,,,,
Ozzie Albies,MLB,Batter,136.5,,,,,,,
Spencer Steer,MLB,Batter,135.9,,,,,,,
Wyatt Langford,MLB,Batter,134.6,,,,,,,
Gavin Sheets,MLB,Batter,133.7,,,,,,,
Jung Hoo Lee,MLB,Batter,133.7,,,,,,,
Nick Castellanos,MLB,Batter,132.8,,,,,,,
Mickey Moniak,MLB,Batter,132.8,,,,,,,
Ben Rice,MLB,Batter,132,,,,,,,
Addison Barger,MLB,Batter,131.9,,,,,,,
Bryson Stott,MLB,Batter,131.8,,,,,,,
Sal Frelick,MLB,Batter,131.7,,,,,,,
Yoshinobu Yamamoto,MLB,Pitcher,131.5,,,,,,,
Alejandro Kirk,MLB,Batter,131.5,,,,,,,
TJ Friedl,MLB,Batter,130.5,,,,,,,
Lenyn Sosa,MLB,Batter,130,,,,,,,
J.P. Crawford,MLB,Batter,129.6,,,,,,,
Adolis Garcia,MLB,Batter,129.6,,,,,,,
Ryan O'Hearn,MLB,Batter,128.8,,,,,,,
Ernie Clement,MLB,Batter,128.5,,,,,,,
Drake Baldwin,MLB,Batter,127.8,,,,,,,
Max Fried,MLB,Pitcher,126.7,,,,,,,
Matt Chapman,MLB,Batter,126.5,,,,,,,
Luis Garcia Jr.,MLB,Batter,126.1,,,,,,,
Kyle Manzardo,MLB,Batter,126.1,,,,,,,
Xavier Edwards,MLB,Batter,125.8,,,,,,,
Jordan Beck,MLB,Batter,125.8,,,,,,,
Anthony Volpe,MLB,Batter,125.7,,,,,,,
Yainer Diaz,MLB,Batter,125.5,,,,,,,
Hunter Brown,MLB,Pitcher,125.3,,,,,,,
Alex Bregman,MLB,Batter,124.9,,,,,,,
Miguel Vargas,MLB,Batter,124.9,,,,,,,
Jackson Holliday,MLB,Batter,124.6,,,,,,,
Mike Trout,MLB,Batter,124.1,,,,,,,
Bryan Woo,MLB,Pitcher,123.5,,,,,,,
Marcell Ozuna,MLB,Batter,123.5,,,,,,,
Harrison Bader,MLB,Batter,123.3,,,,,,,
Kerry Carpenter,MLB,Batter,123.3,,,,,,,
Ivan Herrera,MLB,Batter,123.3,,,,,,,
Logan Webb,MLB,Pitcher,122.8,,,,,,,
Jackson Merrill,MLB,Batter,122.7,,,,,,,
Nolan Schanuel,MLB,Batter,122.3,,,,,,,
Nick Pivetta,MLB,Pitcher,122,,,,,,,
Carlos Rodon,MLB,Pitcher,121.2,,,,,,,
Jesus Luzardo,MLB,Pitcher,121,,,,,,,
Will Smith,MLB,Batter,120.3,,,,,,,
Wilyer Abreu,MLB,Batter,119.6,,,,,,,
Kevin Gausman,MLB,Pitcher,119.5,,,,,,,
Oneil Cruz,MLB,Batter,119,,,,,,,
Xander Bogaerts,MLB,Batter,117.7,,,,,,,
Zach McKinstry,MLB,Batter,117.7,,,,,,,
Brenton Doyle,MLB,Batter,117.2,,,,,,,
Trevor Larnach,MLB,Batter,117.1,,,,,,,
Carlos Correa,MLB,Batter,117,,,,,,,
Jonathan Aranda,MLB,Batter,116.1,,,,,,,
Brendan Donovan,MLB,Batter,115.9,,,,,,,
Framber Valdez,MLB,Pitcher,115.5,,,,,,,
Marcus Semien,MLB,Batter,114.7,,,,,,,
Caleb Durbin,MLB,Batter,114.6,,,,,,,
Cedric Mullins,MLB,Batter,114.3,,,,,,,
Masyn Winn,MLB,Batter,114.1,,,,,,,
Josh Jung,MLB,Batter,113.7,,,,,,,
Ryan McMahon,MLB,Batter,113.5,,,,,,,
Josh Bell,MLB,Batter,112.4,,,,,,,
Austin Hays,MLB,Batter,112.3,,,,,,,
Jesus Sanchez,MLB,Pitcher,112.1,,,,,,,
J.T. Realmuto,MLB,Batter,111.9,,,,,,,
Wilmer Flores,MLB,Batter,111.2,,,,,,,
Mike Yastrzemski,MLB,Batter,110.6,,,,,,,
Jacob deGrom,MLB,Pitcher,110.5,,,,,,,
Max Muncy,MLB,Batter,110.5,,,,,,,
Freddy Peralta,MLB,Pitcher,110.1,,,,,,,
Isaac Collins,MLB,Batter,110.1,,,,,,,
Merrill Kelly,MLB,Batter,109.8,,,,,,,
Andrew Benintendi,MLB,Batter,109.7,,,,,,,
Brooks Lee,MLB,Batter,109.6,,,,,,,
Nathan Lukes,MLB,Batter,109.5,,,,,,,
Paul Goldschmidt,MLB,Batter,108.6,,,,,,,
Alec Bohm,MLB,Batter,108.3,,,,,,,
Luis Robert Jr.,MLB,Batter,108,,,,,,,
Corey Seager,MLB,Batter,108,,,,,,,
Ronald Acuna Jr.,MLB,Batter,107.9,,,,,,,
Dillon Dingler,MLB,Batter,106.6,,,,,,,
Lars Nootbaar,MLB,Batter,106.2,,,,,,,
Matthew Boyd,MLB,Pitcher,106,,,,,,,
Sonny Gray,MLB,Pitcher,105.9,,,,,,,
Jasson Dominguez,MLB,Batter,105.6,,,,,,,
Javier Baez,MLB,Batter,105.6,,,,,,,
Andrew McCutchen,MLB,Batter,105.3,,,,,,,
Eric Wagaman,MLB,Batter,104.9,,,,,,,
Jake Cronenworth,MLB,Batter,104.6,,,,,,,
Gavin Lux,MLB,Batter,104.1,,,,,,,
Austin Wells,MLB,Batter,104.1,,,,,,,
Jonathan India,MLB,Batter,103.4,,,,,,,
Josh Smith,MLB,Batter,103.3,,,,,,,
Brandon Marsh,MLB,Batter,103,,,,,,,
Colt Keith,MLB,Batter,102.6,,,,,,,
Joe Ryan,MLB,Pitcher,101.9,,,,,,,
Cam Smith,MLB,Batter,101.7,,,,,,,
Matt McLain,MLB,Batter,101.3,,,,,,,
Zack Wheeler,MLB,Pitcher,101.1,,,,,,,
Austin Riley,MLB,Batter,101,,,,,,,
Ty France,MLB,Batter,100.7,,,,,,,
Andrew Abbott,MLB,Pitcher,100.2,,,,,,,
Gabriel Arias,MLB,Batter,100.2,,,,,,,
Isaac Paredes,MLB,Batter,100.1,,,,,,,
Romy Gonzalez,MLB,Batter,100,,,,,,,
Luis Castillo,MLB,Pitcher,99.8,,,,,,,
Nikola Jokic,NBA,NBA,421.1,,,,,,,
Shai Gilgeous-Alexander,NBA,NBA,397.8,,,,,,,
Giannis Antetokounmpo,NBA,NBA,360.2,,,,,,,
Anthony Edwards,NBA,NBA,321.8,,,,,,,
Jason Tatum,NBA,NBA,321.1,,,,,,,
James Harden,NBA,NBA,306.9,,,,,,,
Devin Booker,NBA,NBA,306.6,,,,,,,
Trae Young,NBA,NBA,302,,,,,,,
LeBron James,NBA,NBA,301.1,,,,,,,
Tyrese Haliburton,NBA,NBA,297.2,,,,,,,
Cade Cunningham,NBA,NBA,296.2,,,,,,,
Karl-Anthony Towns,NBA,NBA,294.1,,,,,,,
Tyler Herro,NBA,NBA,287.2,,,,,,,
Ivica Zubac,NBA,NBA,279.3,,,,,,,
Domantas Sabonis,NBA,NBA,274.2,,,,,,,
Donovan Mitchell,NBA,NBA,274.1,,,,,,,
Stephen Curry,NBA,NBA,273.7,,,,,,,
Bam Adebayo,NBA,NBA,273.4,,,,,,,
Alperen Sengun,NBA,NBA,272.8,,,,,,,
Pascal Siakam,NBA,NBA,266.1,,,,,,,
Jalen Brunson,NBA,NBA,263.4,,,,,,,
Darius Garland,NBA,NBA,259.6,,,,,,,
DeMar DeRozan,NBA,NBA,258.9,,,,,,,
Nikola Vucevic,NBA,NBA,258.1,,,,,,,
Evan Mobley,NBA,NBA,251.6,,,,,,,
Jalen Williams,NBA,NBA,250.6,,,,,,,
Zach LaVine,NBA,NBA,248.8,,,,,,,
Josh Hart,NBA,NBA,247,,,,,,,
Jaren Jackson Jr.,NBA,NBA,245.6,,,,,,,
Austin Reaves,NBA,NBA,244.8,,,,,,,
Luka Doncic,NBA,NBA,244.6,,,,,,,
Jamal Murray,NBA,NBA,241.6,,,,,,,
Jalen Green,NBA,NBA,240.4,,,,,,,
Kevin Durant,NBA,NBA,239.1,,,,,,,
Damian Lillard,NBA,NBA,238.2,,,,,,,
Mikal Bridges,NBA,NBA,237.9,,,,,,,
Derrick White,NBA,NBA,236.8,,,,,,,
Jarrett Allen,NBA,NBA,236.1,,,,,,,
Dyson Daniels,NBA,NBA,234.3,,,,,,,
Desmond Bane,NBA,NBA,234.1,,,,,,,
De'Aaron Fox,NBA,NBA,233.5,,,,,,,
Michael Porter Jr.,NBA,NBA,228.2,,,,,,,
Coby White,NBA,NBA,226.8,,,,,,,
Josh Giddey,NBA,NBA,226.6,,,,,,,
Anthony Davis,NBA,NBA,226.6,,,,,,,
Scottie Barnes,NBA,NBA,222.2,,,,,,,
OG Anunoby,NBA,NBA,221.6,,,,,,,
Jaylen Brown,NBA,NBA,218.2,,,,,,,
Payton Pritchard,NBA,NBA,216.1,,,,,,,
Franz Wagner,NBA,NBA,215.3,,,,,,,
Tyrese Maxey,NBA,NBA,211.8,,,,,,,
Julius Randle,NBA,NBA,211.5,,,,,,,
Jalen Duren,NBA,NBA,211.2,,,,,,,
Christian Braun,NBA,NBA,210.7,,,,,,,
Amen Thompson,NBA,NBA,209.5,,,,,,,
Victor Wembanyama,NBA,NBA,206.6,,,,,,,
Onyeka Okongwu,NBA,NBA,204.9,,,,,,,
Rudy Gobert,NBA,NBA,203.7,,,,,,,
Anfernee Simons,NBA,NBA,202.9,,,,,,,
Chris Paul,NBA,NBA,202.6,,,,,,,
Deni Avdija,NBA,NBA,201.9,,,,,,,
Brook Lopez,NBA,NBA,200.6,,,,,,,
Naz Reid,NBA,NBA,199.1,,,,,,,
Jordan Poole,NBA,NBA,197.2,,,,,,,
Miles Bridges,NBA,NBA,196.6,,,,,,,
Malik Beasley,NBA,NBA,196.2,,,,,,,
Myles Turner,NBA,NBA,192,,,,,,,
Kyrie Irving,NBA,NBA,191.5,,,,,,,
Jaden McDaniels,NBA,NBA,189.3,,,,,,,
RJ Barrett,NBA,NBA,188.2,,,,,,,
Stephon Castle,NBA,NBA,186.5,,,,,,,
Russell Westbrook,NBA,NBA,185.7,,,,,,,
Malik Monk,NBA,NBA,185.5,,,,,,,
Shaedon Sharpe,NBA,NBA,185.2,,,,,,,
Jimmy Butler III,NBA,NBA,184.9,,,,,,,
Ja Morant,NBA,NBA,180,,,,,,,
LaMelo Ball,NBA,NBA,179.6,,,,,,,
Quentin Grimes,NBA,NBA,178.6,,,,,,,
Dennis Schroder,NBA,NBA,178.6,,,,,,,
Tyus Jones,NBA,NBA,178.4,,,,,,,
Paolo Banchero,NBA,NBA,178.2,,,,,,,
Norman Powell,NBA,NBA,177.7,,,,,,,
Toumani Camara,NBA,NBA,177.4,,,,,,,
CJ McCollum,NBA,NBA,174.9,,,,,,,
Keegan Murray,NBA,NBA,174.2,,,,,,,
Tobias Harris,NBA,NBA,173.3,,,,,,,
Keyonte George,NBA,NBA,171.4,,,,,,,
Andrew Wiggins,NBA,NBA,170.9,,,,,,,
Trey Murphy III,NBA,NBA,170.8,,,,,,,
Devin Vassell,NBA,NBA,170.3,,,,,,,
Jakob Poeltl,NBA,NBA,170.1,,,,,,,
Fred VanVleet,NBA,NBA,169.7,,,,,,,
Harrison Barnes,NBA,NBA,167.8,,,,,,,
Cameron Johnson,NBA,NBA,167.6,,,,,,,
Walker Kessler,NBA,NBA,167.5,,,,,,,
Spencer Dinwiddie,NBA,NBA,166.2,,,,,,,
Scotty Pippen Jr.,NBA,NBA,165,,,,,,,
Bennedict Mathurin,NBA,NBA,163.4,,,,,,,
Nicolas Claxton,NBA,NBA,160.8,,,,,,,
Dillon Brooks,NBA,NBA,160.5,,,,,,,
Jonas Valan?i?nas,NBA,NBA,160,,,,,,,
Draymond Green,NBA,NBA,159.7,,,,,,,
Isaiah Hartenstein,NBA,NBA,159.6,,,,,,,
Keldon Johnson,NBA,NBA,158.9,,,,,,,
Collin Sexton,NBA,NBA,157.8,,,,,,,
Ty Jerome,NBA,NBA,157.1,,,,,,,
Naji Marshall,NBA,NBA,156,,,,,,,
Aaron Wiggins,NBA,NBA,155.7,,,,,,,
Santi Aldama,NBA,NBA,154.5,,,,,,,
Bub Carrington,NBA,NBA,154.1,,,,,,,
Alexandre Sarr,NBA,NBA,152.9,,,,,,,
T.J. McConnell,NBA,NBA,151.8,,,,,,,
Klay Thompson,NBA,NBA,151.2,,,,,,,
De'Andre Hunter,NBA,NBA,151.1,,,,,,,
Yves Missi,NBA,NBA,149.8,,,,,,,
Buddy Hield,NBA,NBA,147.2,,,,,,,
Caris LeVert,NBA,NBA,147.1,,,,,,,
Brandin Podziemski,NBA,NBA,147,,,,,,,
Bradley Beal,NBA,NBA,146.2,,,,,,,
Kelly Oubre Jr.,NBA,NBA,145.2,,,,,,,
Scoot Henderson,NBA,NBA,144.4,,,,,,,
P.J. Washington,NBA,NBA,144.2,,,,,,,
Zaccharie Risacher,NBA,NBA,144.1,,,,,,,
Guerschon Yabusele,NBA,NBA,143.2,,,,,,,
Daniel Gafford,NBA,NBA,142.3,,,,,,,
Jrue Holiday,NBA,NBA,140.5,,,,,,,
Nickeil Alexander-Walker,NBA,NBA,140.2,,,,,,,
Kevin Porter Jr.,NBA,NBA,139.4,,,,,,,
Luguentz Dort,NBA,NBA,139.4,,,,,,,
Kyle Kuzma,NBA,NBA,138.9,,,,,,,
Obi Toppin,NBA,NBA,138.8,,,,,,,
Kristaps Porzingis,NBA,NBA,138.7,,,,,,,
Zach Edey,NBA,NBA,137,,,,,,,
Keon Johnson,NBA,NBA,136.6,,,,,,,
Keon Ellis,NBA,NBA,136.2,,,,,,,
D'Angelo Russell,NBA,NBA,135.6,,,,,,,
Royce O'Neale,NBA,NBA,135.5,,,,,,,
Anthony Black,NBA,NBA,135.2,,,,,,,
Julian Champagnie,NBA,NBA,135.1,,,,,,,
Tari Eason,NBA,NBA,135,,,,,,,
Andrew Nembhard,NBA,NBA,134.6,,,,,,,
Mike Conley,NBA,NBA,134.4,,,,,,,
Donte DiVincenzo,NBA,NBA,133.9,,,,,,,
Jaylen Wells,NBA,NBA,133.3,,,,,,,
Goga Bitadze,NBA,NBA,132.9,,,,,,,
Cason Wallace,NBA,NBA,131.9,,,,,,,
Isaiah Joe,NBA,NBA,131.8,,,,,,,
Mark Williams,NBA,NBA,131.6,,,,,,,
Davion Mitchell,NBA,NBA,131.5,,,,,,,
Wendell Carter Jr.,NBA,NBA,131,,,,,,,
Gary Trent Jr.,NBA,NBA,130.8,,,,,,,
Bilal Coulibaly,NBA,NBA,130.4,,,,,,,
Bobby Portis,NBA,NBA,129.7,,,,,,,
Isaiah Collier,NBA,NBA,129.3,,,,,,,
Rui Hachimura,NBA,NBA,129.3,,,,,,,
Derrick Jones Jr.,NBA,NBA,128.3,,,,,,,
Tim Hardaway Jr.,NBA,NBA,127.1,,,,,,,
Aaron Gordon,NBA,NBA,127.1,,,,,,,
Duncan Robinson,NBA,NBA,126.1,,,,,,,
Lauri Markkanen,NBA,NBA,125.4,,,,,,,
Kyle Filipowski,NBA,NBA,125.3,,,,,,,
Luke Kornet,NBA,NBA,125.2,,,,,,,
Kawhi Leonard,NBA,NBA,125,,,,,,,
Max Christie,NBA,NBA,124.8,,,,,,,
Al Horford,NBA,NBA,124.6,,,,,,,
Kentavious Caldwell-Pope,NBA,NBA,124.4,,,,,,,
Ausar Thompson,NBA,NBA,124.2,,,,,,,
Jalen Johnson,NBA,NBA,124,,,,,,,
Kel'el Ware,NBA,NBA,123.4,,,,,,,
Miles McBride,NBA,NBA,122.9,,,,,,,
Donovan Clingan,NBA,NBA,121.4,,,,,,,
Kris Dunn,NBA,NBA,121.1,,,,,,,
Zion Williamson,NBA,NBA,121,,,,,,,
Kevin Huerter,NBA,NBA,120.8,,,,,,,
Georges Niang,NBA,NBA,120.6,,,,,,,
Jalen Wilson,NBA,NBA,119.7,,,,,,,
Taurean Prince,NBA,NBA,119.6,,,,,,,
Jabari Smith Jr.,NBA,NBA,118.1,,,,,,,
Jeremy Sochan,NBA,NBA,116.7,,,,,,,
Moses Moody,NBA,NBA,116.3,,,,,,,
Luke Kennard,NBA,NBA,115.9,,,,,,,
Terry Rozier,NBA,NBA,115.4,,,,,,,
Ochai Agbaji,NBA,NBA,115.1,,,,,,,
Jose Alvarado,NBA,NBA,115,,,,,,,
Matas Buzelis,NBA,NBA,114.9,,,,,,,
Isaiah Stewart,NBA,NBA,114.9,,,,,,,
Paul George,NBA,NBA,114.7,,,,,,,
John Collins,NBA,NBA,113.6,,,,,,,
Grayson Allen,NBA,NBA,113.3,,,,,,,
Brice Sensabaugh,NBA,NBA,112.6,,,,,,,
Kyshawn George,NBA,NBA,112.5,,,,,,,
Clint Capela,NBA,NBA,112.4,,,,,,,
Justin Champagnie,NBA,NBA,109.9,,,,,,,
Ziaire Williams,NBA,NBA,109.1,,,,,,,
Jamal Shead,NBA,NBA,108.9,,,,,,,
Brandon Clarke,NBA,NBA,108.6,,,,,,,
Peyton Watson,NBA,NBA,108.4,,,,,,,
Ayo Dosunmu,NBA,NBA,108.2,,,,,,,
Jaime Jaquez Jr.,NBA,NBA,108.2,,,,,,,
Dalton Knecht,NBA,NBA,107.6,,,,,,,
Nathan MacKinnon,NHL,NHL,309.6,,,,,,,
Leon Draisaitl,NHL,NHL,289.2,,,,,,,
Sidney Crosby,NHL,NHL,283.8,,,,,,,
Auston Matthews,NHL,NHL,265,,,,,,,
Vincent Trocheck,NHL,NHL,259.7,,,,,,,
Mark Scheifele,NHL,NHL,254.3,,,,,,,
Nick Suzuki,NHL,NHL,252.5,,,,,,,
David Pastrnak,NHL,NHL,252.3,,,,,,,
Nikita Kucherov,NHL,NHL,251,,,,,,,
Nico Hischier,NHL,NHL,249.9,,,,,,,
John Tavares,NHL,NHL,247.3,,,,,,,
Jack Eichel,NHL,NHL,241.2,,,,,,,
Cale Makar,NHL,NHL,240.7,,,,,,,
Dylan Larkin,NHL,NHL,238.2,,,,,,,
Nazem Kadri,NHL,NHL,233.2,,,,,,,
Sam Reinhart,NHL,NHL,231.3,,,,,,,
Connor McDavid,NHL,NHL,228.6,,,,,,,
Kyle Connor,NHL,NHL,228.5,,,,,,,
Brayden Point,NHL,NHL,228.3,,,,,,,
Sebastian Aho,NHL,NHL,228,,,,,,,
Dylan Strome,NHL,NHL,225.9,,,,,,,
Zach Werenski,NHL,NHL,225.4,,,,,,,
Bo Horvat,NHL,NHL,224.2,,,,,,,
J.T. Miller,NHL,NHL,220.1,,,,,,,
Tage Thompson,NHL,NHL,220,,,,,,,
Robert Thomas,NHL,NHL,218.3,,,,,,,
Brandon Hagel,NHL,NHL,217.1,,,,,,,
Wyatt Johnston,NHL,NHL,215.7,,,,,,,
Brady Tkachuk,NHL,NHL,214.5,,,,,,,
Filip Forsberg,NHL,NHL,214.4,,,,,,,
Jake Guentzel,NHL,NHL,213,,,,,,,
Aleksander Barkov,NHL,NHL,212.4,,,,,,,
Mitch Marner,NHL,NHL,212.3,,,,,,,
Anze Kopitar,NHL,NHL,212,,,,,,,
Mikko Rantanen,NHL,NHL,210.8,,,,,,,
William Nylander,NHL,NHL,210.4,,,,,,,
Tomas Hertl,NHL,NHL,210,,,,,,,
Alex Tuch,NHL,NHL,207.4,,,,,,,
Tom Wilson,NHL,NHL,206.6,,,,,,,
Matt Boldy,NHL,NHL,206.3,,,,,,,
Rickard Rakell,NHL,NHL,203.4,,,,,,,
Adrian Kempe,NHL,NHL,201.7,,,,,,,
Sam Bennett,NHL,NHL,201.2,,,,,,,
Alex Ovechkin,NHL,NHL,201.1,,,,,,,
Pierre-Luc Dubois,NHL,NHL,200.9,,,,,,,
Tim Stützle,NHL,NHL,200.7,,,,,,,
Macklin Celebrini,NHL,NHL,200.1,,,,,,,
Brayden Schenn,NHL,NHL,200.1,,,,,,,
Elias Lindholm,NHL,NHL,199.5,,,,,,,
Anthony Cirelli,NHL,NHL,199,,,,,,,
Matt Duchene,NHL,NHL,198.1,,,,,,,
Brock Nelson,NHL,NHL,197.5,,,,,,,
Jason Robertson,NHL,NHL,196.6,,,,,,,
Clayton Keller,NHL,NHL,195.4,,,,,,,
Adam Fantilli,NHL,NHL,195,,,,,,,
Roope Hintz,NHL,NHL,195,,,,,,,
Artemi Panarin,NHL,NHL,194.4,,,,,,,
Dylan Cozens,NHL,NHL,191.3,,,,,,,
Jesper Bratt,NHL,NHL,191.2,,,,,,,
Cole Caufield,NHL,NHL,191,,,,,,,
Mika Zibanejad,NHL,NHL,190.3,,,,,,,
Alex DeBrincat,NHL,NHL,190.1,,,,,,,
Ryan O'Reilly,NHL,NHL,189.7,,,,,,,
Martin Necas,NHL,NHL,189.2,,,,,,,
Mikael Granlund,NHL,NHL,189,,,,,,,
Seth Jarvis,NHL,NHL,188.7,,,,,,,
MacKenzie Weegar,NHL,NHL,188.5,,,,,,,
Travis Konecny,NHL,NHL,186.7,,,,,,,
Jack Hughes,NHL,NHL,185.6,,,,,,,
Kirill Marchenko,NHL,NHL,185.3,,,,,,,
Jordan Kyrou,NHL,NHL,185,,,,,,,
Dylan Holloway,NHL,NHL,183,,,,,,,
Timo Meier,NHL,NHL,182.9,,,,,,,
Rasmus Dahlin,NHL,NHL,182,,,,,,,
Drake Batherson,NHL,NHL,181.8,,,,,,,
Moritz Seider,NHL,NHL,181.3,,,,,,,
Ryan Donato,NHL,NHL,181.3,,,,,,,
Marco Rossi,NHL,NHL,180.6,,,,,,,
Kiefer Sherwood,NHL,NHL,179.9,,,,,,,
Connor Bedard,NHL,NHL,177.8,,,,,,,
Victor Hedman,NHL,NHL,177.4,,,,,,,
Lucas Raymond,NHL,NHL,176.9,,,,,,,
Steven Stamkos,NHL,NHL,176.4,,,,,,,
Logan Cooley,NHL,NHL,176.4,,,,,,,
Evan Bouchard,NHL,NHL,174.8,,,,,,,
Anton Lundell,NHL,NHL,174.1,,,,,,,
Jake Sanderson,NHL,NHL,173.4,,,,,,,
Bryan Rust,NHL,NHL,173,,,,,,,
Quinton Byfield,NHL,NHL,172.5,,,,,,,
Matthew Knies,NHL,NHL,172,,,,,,,
Mason McTavish,NHL,NHL,171.7,,,,,,,
Kevin Fiala,NHL,NHL,171.7,,,,,,,
Sean Monahan,NHL,NHL,171.1,,,,,,,
Anders Lee,NHL,NHL,171,,,,,,,
Josh Morrissey,NHL,NHL,170.4,,,,,,,
Matty Beniers,NHL,NHL,169,,,,,,,
Quinn Hughes,NHL,NHL,168.6,,,,,,,
Jean-Gabriel Pageau,NHL,NHL,167.8,,,,,,,
Frank Vatrano,NHL,NHL,167.5,,,,,,,
Dylan Guenther,NHL,NHL,167,,,,,,,
Will Cuylle,NHL,NHL,166.7,,,,,,,
Morgan Geekie,NHL,NHL,166.7,,,,,,,
Jonathan Huberdeau,NHL,NHL,166.5,,,,,,,
Barrett Hayton,NHL,NHL,165.9,,,,,,,
Claude Giroux,NHL,NHL,165.4,,,,,,,
Jared McCann,NHL,NHL,165.4,,,,,,,
Sean Couturier,NHL,NHL,164.5,,,,,,,
Phillip Danault,NHL,NHL,164.2,,,,,,,
Jordan Staal,NHL,NHL,162.9,,,,,,,
Nick Schmaltz,NHL,NHL,162.6,,,,,,,
Adam Lowry,NHL,NHL,162.6,,,,,,,
Mikael Backlund,NHL,NHL,161.5,,,,,,,
Mikhail Sergachev,NHL,NHL,161.4,,,,,,,
Chandler Stephenson,NHL,NHL,160.9,,,,,,,
Elias Pettersson,NHL,NHL,159.4,,,,,,,
Ryan McLeod,NHL,NHL,159.4,,,,,,,
Pavel Dorofeyev,NHL,NHL,158.9,,,,,,,
Tyler Toffoli,NHL,NHL,157.1,,,,,,,
Pius Suter,NHL,NHL,157.1,,,,,,,
Fabian Zetterlund,NHL,NHL,155.5,,,,,,,
Juraj Slafkovský,NHL,NHL,155.5,,,,,,,
Brandon Montour,NHL,NHL,155.2,,,,,,,
Aliaksei Protas,NHL,NHL,155,,,,,,,
Shane Pinto,NHL,NHL,154.6,,,,,,,
Jamie Benn,NHL,NHL,154.3,,,,,,,
Nikolaj Ehlers,NHL,NHL,154.1,,,,,,,
Jakob Chychrun,NHL,NHL,153.3,,,,,,,
Brett Howden,NHL,NHL,153.1,,,,,,,
Carter Verhaeghe,NHL,NHL,153.1,,,,,,,
Matvei Michkov,NHL,NHL,152.8,,,,,,,
Jake Evans,NHL,NHL,152,,,,,,,
Owen Tippett,NHL,NHL,152,,,,,,,
Morgan Frost,NHL,NHL,151.8,,,,,,,
Adam Fox,NHL,NHL,151.5,,,,,,,
Gabriel Vilardi,NHL,NHL,151.1,,,,,,,
JJ Peterka,NHL,NHL,151.1,,,,,,,
Blake Coleman,NHL,NHL,150.8,,,,,,,
Thomas Chabot,NHL,NHL,150.6,,,,,,,
Ryan Nugent-Hopkins,NHL,NHL,150.5,,,,,,,
Mathieu Olivier,NHL,NHL,150.5,,,,,,,
Lane Hutson,NHL,NHL,149.4,,,,,,,
Jake DeBrusk,NHL,NHL,149.3,,,,,,,
Darnell Nurse,NHL,NHL,148.6,,,,,,,
Nic Dowd,NHL,NHL,148.4,,,,,,,
Connor McMichael,NHL,NHL,148.1,,,,,,,
Josh Norris,NHL,NHL,148.1,,,,,,,
Frederick Gaudreau,NHL,NHL,148.1,,,,,,,
Thomas Harley,NHL,NHL,147.8,,,,,,,
Marco Kasper,NHL,NHL,147.7,,,,,,,
Erik Karlsson,NHL,NHL,147.5,,,,,,,
Noah Cates,NHL,NHL,147.2,,,,,,,
Eeli Tolvanen,NHL,NHL,146.5,,,,,,,
John Carlson,NHL,NHL,146.5,,,,,,,
Nick Paul,NHL,NHL,146.5,,,,,,,
Jake Neighbours,NHL,NHL,146.3,,,,,,,
Charlie Coyle,NHL,NHL,145.1,,,,,,,
Mark Stone,NHL,NHL,144.4,,,,,,,
Jonathan Marchessault,NHL,NHL,144.3,,,,,,,
Rasmus Andersson,NHL,NHL,144.1,,,,,,,
Colton Parayko,NHL,NHL,144,,,,,,,
Brad Marchand,NHL,NHL,143.8,,,,,,,
Pavel Zacha,NHL,NHL,143.6,,,,,,,
Warren Foegele,NHL,NHL,143.4,,,,,,,
Alex Laferriere,NHL,NHL,143.4,,,,,,,
Jackson LaCombe,NHL,NHL,143,,,,,,,
Jaden Schwartz,NHL,NHL,142.4,,,,,,,
Christian Dvorak,NHL,NHL,141.9,,,,,,,
William Eklund,NHL,NHL,141.1,,,,,,,
Shane Wright,NHL,NHL,140.7,,,,,,,
Noah Dobson,NHL,NHL,140.5,,,,,,,
Matt Coronato,NHL,NHL,140.4,,,,,,,
Conor Garland,NHL,NHL,140.4,,,,,,,
Matthew Tkachuk,NHL,NHL,140.1,,,,,,,
Ryan Strome,NHL,NHL,140.1,,,,,,,
Andrei Svechnikov,NHL,NHL,140,,,,,,,
Zach Hyman,NHL,NHL,139.8,,,,,,,
Kyle Palmieri,NHL,NHL,139.4,,,,,,,
Evgeni Malkin,NHL,NHL,139.1,,,,,,,
Pavel Buchnevich,NHL,NHL,138.8,,,,,,,
Brock Boeser,NHL,NHL,138.7,,,,,,,
Jack McBain,NHL,NHL,138.5,,,,,,,
Stefan Noesen,NHL,NHL,138.2,,,,,,,
Kevin Stenlund,NHL,NHL,138,,,,,,,
Nick Foligno,NHL,NHL,137.8,,,,,,,
Jake Walman,NHL,NHL,137.4,,,,,,,
Mats Zuccarello,NHL,NHL,137.4,,,,,,,
Scott Laughton,NHL,NHL,137.3,,,,,,,
Cutter Gauthier,NHL,NHL,135.1,,,,,,,
Alexander Wennberg,NHL,NHL,135.1,,,,,,,
Adam Henrique,NHL,NHL,134.3,,,,,,,
Dmitri Voronkov,NHL,NHL,134.1,,,,,,,
Cole Perfetti,NHL,NHL,133.9,,,,,,,
Patrick Kane,NHL,NHL,133.8,,,,,,,
Leo Carlsson,NHL,NHL,133.1,,,,,,,
Dougie Hamilton,NHL,NHL,133.1,,,,,,,
Neal Pionk,NHL,NHL,133.1,,,,,,,
Travis Sanheim,NHL,NHL,133,,,,,,,
Mike Matheson,NHL,NHL,132.9,,,,,,,
Ivan Barbashev,NHL,NHL,132.8,,,,,,,
Troy Terry,NHL,NHL,132.8,,,,,,,
Saquon Barkley,NFL,nflo,93.3,,,,,,,
Derrick Henry,NFL,nflo,88.7,,,,,,,
Jahmyr Gibbs,NFL,nflo,81.4,,,,,,,
Lamar Jackson,NFL,nflo,78.1,,,,,,,
Bijan Robinson,NFL,nflo,77.9,,,,,,,
Joe Burrow,NFL,nflo,77.6,,,,,,,
Ja'Marr Chase,NFL,nflo,76,,,,,,,
Josh Jacobs,NFL,nflo,70,,,,,,,
Baker Mayfield,NFL,nflo,66.6,,,,,,,
Jared Goff,NFL,nflo,65.4,,,,,,,
Josh Allen,NFL,nflo,65.3,,,,,,,
Justin Jefferson,NFL,nflo,63.2,,,,,,,
Kyren Williams,NFL,nflo,62.7,,,,,,,
Jonathan Taylor,NFL,nflo,62.1,,,,,,,
Jayden Daniels,NFL,nflo,61.9,,,,,,,
Sam Darnold,NFL,nflo,61.5,,,,,,,
De'Von Achane,NFL,nflo,59.8,,,,,,,
Aaron Jones Sr.,NFL,nflo,58.6,,,,,,,
James Cook,NFL,nflo,58.5,,,,,,,
Alvin Kamara,NFL,nflo,58.3,,,,,,,
Bucky Irving,NFL,nflo,57.9,,,,,,,
Justin Herbert,NFL,nflo,57.7,,,,,,,
James Conner,NFL,nflo,57.6,,,,,,,
Chris Boswell,NFL,nflo,57.5,,,,,,,
Chuba Hubbard,NFL,nflo,56.8,,,,,,,
Joe Mixon,NFL,nflo,56.5,,,,,,,
Chase Brown,NFL,nflo,55.2,,,,,,,
Bo Nix,NFL,nflo,55.1,,,,,,,
Geno Smith,NFL,nflo,55.1,,,,,,,
Patrick Mahomes,NFL,nflo,54.6,,,,,,,
Kyler Murray,NFL,nflo,54.5,,,,,,,
Brian Thomas Jr.,NFL,nflo,54.3,,,,,,,
Amon-Ra St. Brown,NFL,nflo,54.1,,,,,,,
Jalen Hurts,NFL,nflo,53.6,,,,,,,
Cameron Dicker,NFL,nflo,53.5,,,,,,,
Breece Hall,NFL,nflo,53.3,,,,,,,
Drake London,NFL,nflo,52.2,,,,,,,
Aaron Rodgers,NFL,nflo,51.7,,,,,,,
Brandon Aubrey,NFL,nflo,51.3,,,,,,,
Wil Lutz,NFL,nflo,50.9,,,,,,,
David Montgomery,NFL,nflo,50.6,,,,,,,
D'Andre Swift,NFL,nflo,50.5,,,,,,,
Jake Bates,NFL,nflo,50.5,,,,,,,
Najee Harris,NFL,nflo,50.4,,,,,,,
Chase McLaughlin,NFL,nflo,50.1,,,,,,,
Jason Sanders,NFL,nflo,49.7,,,,,,,
Terry McLaurin,NFL,nflo,49.6,,,,,,,
Brock Purdy,NFL,nflo,49.5,,,,,,,
Ka'imi Fairbairn,NFL,nflo,49,,,,,,,
Rico Dowdle,NFL,nflo,48.6,,,,,,,
Tony Pollard,NFL,nflo,48.1,,,,,,,
CeeDee Lamb,NFL,nflo,46.5,,,,,,,
Matthew Stafford,NFL,nflo,46.4,,,,,,,
Jaxon Smith-Njigba,NFL,nflo,46.2,,,,,,,
Malik Nabers,NFL,nflo,45.8,,,,,,,
Ladd McConkey,NFL,nflo,45.7,,,,,,,
Caleb Williams,NFL,nflo,45.4,,,,,,,
Jordan Love,NFL,nflo,45.2,,,,,,,
J.K. Dobbins,NFL,nflo,45.1,,,,,,,
George Kittle,NFL,nflo,44.6,,,,,,,
Davante Adams,NFL,nflo,44.1,,,,,,,
Brock Bowers,NFL,nflo,44,,,,,,,
C.J. Stroud,NFL,nflo,44,,,,,,,
Mike Evans,NFL,nflo,43.9,,,,,,,
Courtland Sutton,NFL,nflo,43.8,,,,,,,
Jerry Jeudy,NFL,nflo,43.8,,,,,,,
A.J. Brown,NFL,nflo,43.6,,,,,,,
Daniel Carlson,NFL,nflo,43.5,,,,,,,
Garrett Wilson,NFL,nflo,43,,,,,,,
Jameson Williams,NFL,nflo,42.9,,,,,,,
Chad Ryland,NFL,nflo,42.8,,,,,,,
Trey McBride,NFL,nflo,42.5,,,,,,,
Jason Myers,NFL,nflo,41.9,,,,,,,
Zay Flowers,NFL,nflo,41.8,,,,,,,
Tyrone Tracy Jr.,NFL,nflo,41.8,,,,,,,
Tyler Bass,NFL,nflo,41.4,,,,,,,
Tee Higgins,NFL,nflo,41.1,,,,,,,
Rachaad White,NFL,nflo,40.5,,,,,,,
Rhamondre Stevenson,NFL,nflo,40.3,,,,,,,
Nico Collins,NFL,nflo,40.2,,,,,,,
Puka Nacua,NFL,nflo,40.1,,,,,,,
Joshua Karty,NFL,nflo,39.9,,,,,,,
Matt Gay,NFL,nflo,39.8,,,,,,,
Jayden Reed,NFL,nflo,39.8,,,,,,,
Jordan Addison,NFL,nflo,39.7,,,,,,,
T.J. Watt,NFL,nfld,39.6,,,,,,,
Tyreek Hill,NFL,nflo,39.4,,,,,,,
DJ Moore,NFL,nflo,39.4,,,,,,,
Jake Elliott,NFL,nflo,39.2,,,,,,,
Cam Little,NFL,nflo,39.1,,,,,,,
Kareem Hunt,NFL,nflo,39.1,,,,,,,
Calvin Ridley,NFL,nflo,39,,,,,,,
Blake Grupe,NFL,nflo,38.6,,,,,,,
Jauan Jennings,NFL,nflo,38.5,,,,,,,
Darnell Mooney,NFL,nflo,38.5,,,,,,,
Brian Robinson Jr.,NFL,nflo,38.4,,,,,,,
Jakobi Meyers,NFL,nflo,38.4,,,,,,,
Kirk Cousins,NFL,nflo,38.3,,,,,,,
Jonnu Smith,NFL,nflo,37.8,,,,,,,
Zach Charbonnet,NFL,nflo,37.8,,,,,,,
Tua Tagovailoa,NFL,nflo,37.8,,,,,,,
Kerby Joseph,NFL,nfld,37.1,,,,,,,
DeVonta Smith,NFL,nflo,36.8,,,,,,,
DK Metcalf,NFL,nflo,36.5,,,,,,,
Justin Tucker,NFL,nflo,36.5,,,,,,,
Kenneth Walker III,NFL,nflo,36.2,,,,,,,
Brian Branch,NFL,nfld,36.1,,,,,,,
Zack Baun,NFL,nflo,35.9,,,,,,,
Marvin Harrison Jr.,NFL,nflo,35.4,,,,,,,
Byron Murphy Jr.,NFL,nfld,35,,,,,,,
Alec Pierce,NFL,nflo,35,,,,,,,
Will Reichard,NFL,nflo,34.9,,,,,,,
Andrew Van Ginkel,NFL,nfld,34.9,,,,,,,
Russell Wilson,NFL,nflo,34.7,,,,,,,
Austin Seibert,NFL,nflo,34.6,,,,,,,
Tank Bigsby,NFL,nflo,34.6,,,,,,,
Rashod Bateman,NFL,nflo,34.4,,,,,,,
Brandon McManus,NFL,nflo,34.4,,,,,,,
Marlon Humphrey,NFL,nfld,34.1,,,,,,,
Xavier McKinney,NFL,nfld,33.6,,,,,,,
Xavier Worthy,NFL,nflo,33.6,,,,,,,
Mark Andrews,NFL,nflo,33.5,,,,,,,
Nick Folk,NFL,nflo,33.4,,,,,,,
Nik Bonitto,NFL,nfld,33.2,,,,,,,
Trey Hendrickson,NFL,nfld,33.1,,,,,,,
Corey Bojorquez,NFL,nflo,33,,,,,,,
Zaire Franklin,NFL,nfld,32.9,,,,,,,
Bryce Young,NFL,nflo,32.3,,,,,,,
George Pickens,NFL,nflo,32.3,,,,,,,
Jordan Mason,NFL,nflo,32.1,,,,,,,
Quentin Johnston,NFL,nflo,32.1,,,,,,,
Frankie Luvu,NFL,nfld,32,,,,,,,
Derek Carr,NFL,nflo,31.9,,,,,,,
Javonte Williams,NFL,nflo,31.7,,,,,,,
Josh Downs,NFL,nflo,31.6,,,,,,,
Khalil Shakir,NFL,nflo,31.5,,,,,,,
Jessie Bates III,NFL,nfld,31.5,,,,,,,
Travis Kelce,NFL,nflo,31.4,,,,,,,
Lavonte David,NFL,nfld,31.3,,,,,,,
Quincy Williams,NFL,nfld,31.2,,,,,,,
Younghoe Koo,NFL,nflo,31.1,,,,,,,
Eddy Pineiro,NFL,nflo,31.1,,,,,,,
Nick Bolton,NFL,nfld,30.9,,,,,,,
Deebo Samuel Sr.,NFL,nflo,30.8,,,,,,,
Nakobe Dean,NFL,nfld,30.5,,,,,,,
Julian Love,NFL,nfld,30.5,,,,,,,
Harrison Butker,NFL,nflo,30.5,,,,,,,
Joey Slye,NFL,nflo,30.4,,,,,,,
Sam LaPorta,NFL,nflo,30.4,,,,,,,
Michael Pittman Jr.,NFL,nflo,30.3,,,,,,,
Bobby Wagner,NFL,nfld,30.3,,,,,,,
Brandon Jones,NFL,nfld,30.2,,,,,,,
Kaden Elliss,NFL,nfld,30.1,,,,,,,
T.J. Edwards,NFL,nfld,29.9,,,,,,,
Zach Ertz,NFL,nflo,29.9,,,,,,,
Robert Spillane,NFL,nfld,29.9,,,,,,,
Keenan Allen,NFL,nflo,29.6,,,,,,,
Tucker Kraft,NFL,nflo,29.6,,,,,,,
Germaine Pratt,NFL,nfld,29.6,,,,,,,
Cooper Kupp,NFL,nflo,29.5,,,,,,,
Tory Taylor,NFL,nflo,29.4,,,,,,,
Michael Dickson,NFL,nflo,29.3,,,,,,,
Nick Cross,NFL,nfld,29.3,,,,,,,
Cairo Santos,NFL,nflo,29.2,,,,,,,
Jordyn Brooks,NFL,nfld,29.2,,,,,,,
Fred Warner,NFL,nfld,29.1,,,,,,,
Myles Garrett,NFL,nfld,29.1,,,,,,,
Leonard Williams,NFL,nfld,29.1,,,,,,,
Kevin Byard III,NFL,nfld,28.8,,,,,,,
Austin Ekeler,NFL,nflo,28.8,,,,,,,
Tre'von Moehrig,NFL,nfld,28.7,,,,,,,
Jake Moody,NFL,nflo,28.6,,,,,,,
Eric Kendricks,NFL,nfld,28.3,,,,,,,
DeShon Elliott,NFL,nfld,28.2,,,,,,,
Greg Rousseau,NFL,nfld,28,,,,,,,
Travis Etienne Jr.,NFL,nflo,28,,,,,,,
Jaylen Waddle,NFL,nflo,28,,,,,,,
Jaylen Warren,NFL,nflo,27.9,,,,,,,
Tyler Allgeier,NFL,nflo,27.9,,,,,,,
Jerome Ford,NFL,nflo,27.9,,,,,,,
Tommy Townsend,NFL,nflo,27.9,,,,,,,
Ryan Stonehouse,NFL,nflo,27.8,,,,,,,
Riley Dixon,NFL,nflo,27.7,,,,,,,
Derwin James Jr.,NFL,nfld,27.7,,,,,,,
Drake Maye,NFL,nflo,27.7,,,,,,,
Alexander Mattison,NFL,nflo,27.6,,,,,,,
Pat Freiermuth,NFL,nflo,27.3,,,,,,,
Kyle Hamilton,NFL,nfld,27.3,,,,,,,
Jalen Tolbert,NFL,nflo,27.3,,,,,,,
Ray Davis,NFL,nflo,27.3,,,,,,,
C.J. Gardner-Johnson,NFL,nfld,27.2,,,,,,,
Jeremy Chinn,NFL,nfld,26.9,,,,,,,
Tank Dell,NFL,nflo,26.9,,,,,,,
Pat Surtain II,NFL,nfld,26.8,,,,,,,
JK Scott,NFL,nflo,26.8,,,,,,,
Rigoberto Sanchez,NFL,nflo,26.7,,,,,,,
Danielle Hunter,NFL,nfld,26.7,,,,,,,
Derek Stingley Jr.,NFL,nfld,26.5,,,,,,,
Budda Baker,NFL,nfld,26.4,,,,,,,
Wan'Dale Robinson,NFL,nflo,26.2,,,,,,,
Yaxel Lendeborg,CBB,CBB,184.6,,,,,,,
Ryan Kalkbrenner,CBB,CBB,171.3,,,,,,,
Bennett Stirtz,CBB,CBB,163.2,,,,,,,
Johni Broome,CBB,CBB,162.4,,,,,,,
Braden Smith,CBB,CBB,160.8,,,,,,,
Nique Clifford,CBB,CBB,160.6,,,,,,,
Kam Jones,CBB,CBB,160.4,,,,,,,
Cooper Flagg,CBB,CBB,155.5,,,,,,,
Donovan Dent,CBB,CBB,154.2,,,,,,,
Maxime Raynaud,CBB,CBB,150.5,,,,,,,
P.J. Haggerty,CBB,CBB,146.2,,,,,,,
Hunter Dickinson,CBB,CBB,145.3,,,,,,,
Eric Dixon,CBB,CBB,143.1,,,,,,,
Trey Kaufman-Renn,CBB,CBB,139,,,,,,,
Rasheer Fleming,CBB,CBB,137.9,,,,,,,
Chucky Hepburn,CBB,CBB,137.8,,,,,,,
Javon Small,CBB,CBB,136.7,,,,,,,
Max Shulga,CBB,CBB,135.9,,,,,,,
Rafael Castro,CBB,CBB,135.4,,,,,,,
Collin Murray-Boyles,CBB,CBB,135.2,,,,,,,
Kadary Richmond,CBB,CBB,135.1,,,,,,,
Micah Peavy,CBB,CBB,134.2,,,,,,,
Dawson Garcia,CBB,CBB,133.5,,,,,,,
Bruce Thornton,CBB,CBB,132.7,,,,,,,
Ryan Nembhard,CBB,CBB,132.6,,,,,,,
Norchad Omier,CBB,CBB,132.3,,,,,,,
Reed Bailey,CBB,CBB,132.1,,,,,,,
Walter Clayton Jr.,CBB,CBB,132,,,,,,,
RJ Felton,CBB,CBB,131.6,,,,,,,
Mason Falslev,CBB,CBB,130.9,,,,,,,
JT Toppin,CBB,CBB,130.2,,,,,,,
Nick Martinelli,CBB,CBB,129.9,,,,,,,
Melvin Council Jr.,CBB,CBB,129.6,,,,,,,
John Tonje,CBB,CBB,129.6,,,,,,,
Nick Davidson,CBB,CBB,128.4,,,,,,,
Derik Queen,CBB,CBB,128.3,,,,,,,
Graham Ike,CBB,CBB,128.3,,,,,,,
Zuby Ejiofor,CBB,CBB,128,,,,,,,
Samage Teel,CBB,CBB,127.4,,,,,,,
RJ Davis,CBB,CBB,126.8,,,,,,,
Danny Wolf,CBB,CBB,126.5,,,,,,,
Cooper Schwieger,CBB,CBB,126.4,,,,,,,
Darius Johnson,CBB,CBB,125.5,,,,,,,
Ja’Kobi Gillespie,CBB,CBB,125.4,,,,,,,
Zakai Zeigler,CBB,CBB,125.3,,,,,,,
Nate Bittle,CBB,CBB,125.1,,,,,,,
Nelly Junior Joseph,CBB,CBB,125,,,,,,,
Steven Ashworth,CBB,CBB,124.8,,,,,,,
Maurice Odum,CBB,CBB,124.7,,,,,,,
Ian Schieffelin,CBB,CBB,124.6,,,,,,,
Vladislav Goldin,CBB,CBB,124.6,,,,,,,
Mark Sears,CBB,CBB,124.5,,,,,,,
Keyshawn Hall,CBB,CBB,124.5,,,,,,,
Dylan Harper,CBB,CBB,124.4,,,,,,,
RJ Luis Jr.,CBB,CBB,123.9,,,,,,,
Sebastian Thomas,CBB,CBB,123.3,,,,,,,
Julian Reese,CBB,CBB,123.1,,,,,,,
Rowan Brumbaugh,CBB,CBB,123,,,,,,,
Tyson Degenhart,CBB,CBB,122,,,,,,,
Payton Sandfort,CBB,CBB,121.5,,,,,,,
Nik Graves,CBB,CBB,121.4,,,,,,,
Michael Rataj,CBB,CBB,121.3,,,,,,,
Kobe Sanders,CBB,CBB,120.8,,,,,,,
Jaland Lowe,CBB,CBB,120.5,,,,,,,
VJ Edgecombe,CBB,CBB,120.3,,,,,,,
Joshua Jefferson,CBB,CBB,120.3,,,,,,,
Stefan Todorovic,CBB,CBB,120.1,,,,,,,
Malik Thomas,CBB,CBB,120,,,,,,,
Caleb Love,CBB,CBB,120,,,,,,,
Brice Williams,CBB,CBB,119.2,,,,,,,
Robbie Avila,CBB,CBB,119.2,,,,,,,
Chaz Lanier,CBB,CBB,118.4,,,,,,,
Ace Bailey,CBB,CBB,117.8,,,,,,,
Josh Hubbard,CBB,CBB,117.7,,,,,,,
Xzayvier Brown,CBB,CBB,117.7,,,,,,,
Curtis Jones,CBB,CBB,117.7,,,,,,,
Augustas Marciulionis,CBB,CBB,117.2,,,,,,,
Tytan Anderson,CBB,CBB,116.6,,,,,,,
Kaleb Banks,CBB,CBB,116.5,,,,,,,
Asa Newell,CBB,CBB,116.3,,,,,,,
Jahmyl Telfort,CBB,CBB,116.1,,,,,,,
Jeremiah Fears,CBB,CBB,116,,,,,,,
Zach Freemantle,CBB,CBB,115.9,,,,,,,
Tre Johnson,CBB,CBB,115.8,,,,,,,
Hunter Sallis,CBB,CBB,115.6,,,,,,,
Terrence Edwards Jr.,CBB,CBB,115.5,,,,,,,
Isaiah Swope,CBB,CBB,115.4,,,,,,,
Otega Oweh,CBB,CBB,115,,,,,,,
Gibson Jimerson,CBB,CBB,114.5,,,,,,,
Ali Dibba,CBB,CBB,114.4,,,,,,,
Primo Spears,CBB,CBB,114.4,,,,,,,
Oumar Ballo,CBB,CBB,113.7,,,,,,,
Alvaro Cardenas,CBB,CBB,113.7,,,,,,,
Dain Dainja,CBB,CBB,113.5,,,,,,,
Bobby Durkin,CBB,CBB,113.5,,,,,,,
David N'Guessan,CBB,CBB,113.3,,,,,,,
Jordan Riley,CBB,CBB,113.2,,,,,,,
Mitchell Saxen,CBB,CBB,113.2,,,,,,,
Dwon Odom,CBB,CBB,113.2,,,,,,,
Sean Pedulla,CBB,CBB,113.1,,,,,,,
Chase Hunter,CBB,CBB,113,,,,,,,
Ian Martinez,CBB,CBB,112.2,,,,,,,
Carter Whitt,CBB,CBB,111.8,,,,,,,
Jonathan Pierre,CBB,CBB,111.4,,,,,,,
Alex Karaban,CBB,CBB,111.4,,,,,,,
C.J. Walker,CBB,CBB,111.2,,,,,,,
Kon Knueppel,CBB,CBB,111.2,,,,,,,
Richie Saunders,CBB,CBB,111.1,,,,,,,
Johnny Kinziger,CBB,CBB,111,,,,,,,
Josh Dix,CBB,CBB,111,,,,,,,
John Blackwell,CBB,CBB,110.8,,,,,,,
Jamir Watkins,CBB,CBB,110.7,,,,,,,
Jackie Johnson III,CBB,CBB,110.5,,,,,,,
Will Richard,CBB,CBB,110.5,,,,,,,
Baye Ndongo,CBB,CBB,110.5,,,,,,,
Duke Deen,CBB,CBB,110.5,,,,,,,
Nate Calmese,CBB,CBB,110.4,,,,,,,
LeJuan Watts,CBB,CBB,110.4,,,,,,,
Marcus Williams,CBB,CBB,110.2,,,,,,,
Lamar Washington,CBB,CBB,109.9,,,,,,,
Naithan George,CBB,CBB,109.9,,,,,,,
Ryan Conwell,CBB,CBB,109.7,,,,,,,
Baba Miller,CBB,CBB,109.4,,,,,,,
Josh Uduje,CBB,CBB,109.4,,,,,,,
Kennard Davis Jr.,CBB,CBB,109.3,,,,,,,
Alijah Martin,CBB,CBB,108.8,,,,,,,
Chase Walker,CBB,CBB,108.6,,,,,,,
Elias Ralph,CBB,CBB,108.3,,,,,,,
Obi Agbim,CBB,CBB,108.1,,,,,,,
Darrion Williams,CBB,CBB,107.9,,,,,,,
Erik Reynolds II,CBB,CBB,107.9,,,,,,,
Alex Condon,CBB,CBB,107.8,,,,,,,
Ace Baldwin Jr.,CBB,CBB,107.8,,,,,,,
Enoch Cheeks,CBB,CBB,107.7,,,,,,,
Joe Bamisile,CBB,CBB,107.7,,,,,,,
Ishmael Leggett,CBB,CBB,107.2,,,,,,,
Jamiya Neal,CBB,CBB,106.6,,,,,,,
Great Osobor,CBB,CBB,106.5,,,,,,,
Wooga Poplar,CBB,CBB,106.3,,,,,,,
J'Vonne Hadley,CBB,CBB,106.1,,,,,,,
Viktor Lakhin,CBB,CBB,106.1,,,,,,,
Malique Ewin,CBB,CBB,105.8,,,,,,,
Ethan Taylor,CBB,CBB,105.8,,,,,,,
Marcus Millender,CBB,CBB,105.5,,,,,,,
Corey McKeithan,CBB,CBB,105,,,,,,,
Amari Williams,CBB,CBB,104.8,,,,,,,
Connor Kochera,CBB,CBB,104.5,,,,,,,
Quincy Ballard,CBB,CBB,104.5,,,,,,,
Markus Burton,CBB,CBB,104.4,,,,,,,
Japhet Medor,CBB,CBB,104.4,,,,,,,
Darius Hannah,CBB,CBB,104.4,,,,,,,
All Wright,CBB,CBB,103.7,,,,,,,
Kasparas Jakucionis,CBB,CBB,103.7,,,,,,,
Coleman Hawkins,CBB,CBB,103.7,,,,,,,
David Joplin,CBB,CBB,103.6,,,,,,,
Paulius Murauskas,CBB,CBB,102.6,,,,,,,
Andrej Stojakovic,CBB,CBB,102.3,,,,,,,
Matt Cross,CBB,CBB,102.1,,,,,,,
Jaylen Blakes,CBB,CBB,102,,,,,,,
Mark Mitchell,CBB,CBB,102,,,,,,,
Matthew Cleveland,CBB,CBB,101.9,,,,,,,
Tyrese Hunter,CBB,CBB,101.5,,,,,,,
Cam Carter,CBB,CBB,101.3,,,,,,,
Cameron Hildreth,CBB,CBB,101.3,,,,,,,
Tre Donaldson,CBB,CBB,101.3,,,,,,,
L.J. Cryer,CBB,CBB,101.3,,,,,,,
Tre Carroll,CBB,CBB,101.3,,,,,,,
Boubacar Coulibaly,CBB,CBB,100.8,,,,,,,
Jalen Haynes,CBB,CBB,100.5,,,,,,,
Rahsool Diggins,CBB,CBB,99.8,,,,,,,
Devin McGlockton,CBB,CBB,99.8,,,,,,,
Arthur Kaluma,CBB,CBB,99.7,,,,,,,
Austin Rapp,CBB,CBB,99.6,,,,,,,
Max Mackinnon,CBB,CBB,99.5,,,,,,,
Jevon Porter,CBB,CBB,99.3,,,,,,,
KeShawn Murphy,CBB,CBB,99.3,,,,,,,
Steve Settle III,CBB,CBB,99.2,,,,,,,
Jalon Moore,CBB,CBB,98.9,,,,,,,
Damarco Minor,CBB,CBB,98.8,,,,,,,
Solo Ball,CBB,CBB,98.8,,,,,,,
Thomas Sorber,CBB,CBB,98.8,,,,,,,
Jaeden Zackery,CBB,CBB,98.8,,,,,,,
Dalton Banks,CBB,CBB,98.8,,,,,,,
Chad Baker-Mazara,CBB,CBB,98.7,,,,,,,
Milos Uzan,CBB,CBB,98.4,,,,,,,
Grant Nelson,CBB,CBB,98.3,,,,,,,
Tarris Reed Jr.,CBB,CBB,98.2,,,,,,,
Stevie Mitchell,CBB,CBB,98.2,,,,,,,
Tomislav Ivisic,CBB,CBB,98.1,,,,,,,
Isaac McKneely,CBB,CBB,98,,,,,,,
Tayshawn Comer,CBB,CBB,97.9,,,,,,,
Chance Moore,CBB,CBB,97.8,,,,,,,
Miles Byrd,CBB,CBB,97.5,,,,,,,
Zeke Mayo,CBB,CBB,97.5,,,,,,,
Desmond Claude,CBB,CBB,97.5,,,,,,,
Eddie Lampkin Jr.,CBB,CBB,97.5,,,,,,,
Thomas Haugh,CBB,CBB,97.4,,,,,,,
Tae Davis,CBB,CBB,97.3,,,,,,,
Cameron Matthews,CBB,CBB,97.3,,,,,,,
Jizzle James,CBB,CBB,97.2,,,,,,,
Ben Griffin,GOLF,GOLF,143.8,,,,,,,
Scottie Scheffier,GOLF,GOLF,135.6,,,,,,,
Cameron Young,GOLF,GOLF,129.4,,,,,,,
Chris Gotterup,GOLF,GOLF,128.3,,,,,,,
Harry Hall,GOLF,GOLF,128,,,,,,,
Eric Cole,GOLF,GOLF,126.7,,,,,,,
J.J. Spaun,GOLF,GOLF,126.2,,,,,,,
Rico Hoey,GOLF,GOLF,125.8,,,,,,,
Vince Whaley,GOLF,GOLF,125.4,,,,,,,
Si Woo Kim,GOLF,GOLF,125,,,,,,,
Sam Stevens,GOLF,GOLF,124.5,,,,,,,
Sam Burns,GOLF,GOLF,122.8,,,,,,,
Patrick Rodgers,GOLF,GOLF,116.4,,,,,,,
Davis Thompson,GOLF,GOLF,114.7,,,,,,,
Maverick McNealy,GOLF,GOLF,113,,,,,,,
Hideki Matsuyama,GOLF,GOLF,112.8,,,,,,,
Kevin Yu,GOLF,GOLF,111.7,,,,,,,
Emiliano Grillo,GOLF,GOLF,111.1,,,,,,,
Harris English,GOLF,GOLF,110.5,,,,,,,
Mark Hubbard,GOLF,GOLF,109.9,,,,,,,
Michael Thorbjornsen,GOLF,GOLF,109.5,,,,,,,
Patrick Fishburn,GOLF,GOLF,109.3,,,,,,,
Robert MacIntyre,GOLF,GOLF,109.1,,,,,,,
Max McGreevy,GOLF,GOLF,109,,,,,,,
J.T. Poston,GOLF,GOLF,109,,,,,,,
Michael Kim,GOLF,GOLF,108.7,,,,,,,
Jesper Svensson,GOLF,GOLF,108.2,,,,,,,
Akshay Bhatia,GOLF,GOLF,108,,,,,,,
Mac Meissner,GOLF,GOLF,107.6,,,,,,,
Sepp Straka,GOLF,GOLF,107.5,,,,,,,
Jacob Bridgeman,GOLF,GOLF,107.4,,,,,,,
Byeong Hun An,GOLF,GOLF,107.3,,,,,,,
Tommy Fleetwood,GOLF,GOLF,106.7,,,,,,,
Alex Smalley,GOLF,GOLF,106.6,,,,,,,
Matt McCarty,GOLF,GOLF,106.6,,,,,,,
Matti Schmid,GOLF,GOLF,106.6,,,,,,,
Beau Hossler,GOLF,GOLF,106,,,,,,,
Austin Eckroat,GOLF,GOLF,105.9,,,,,,,
Max Greyserman,GOLF,GOLF,105.9,,,,,,,
Ryan Gerard,GOLF,GOLF,105.8,,,,,,,
Christiaan Bezuidenhout,GOLF,GOLF,105.7,,,,,,,
Wyndham Clark,GOLF,GOLF,105.6,,,,,,,
Jake Knapp,GOLF,GOLF,105.5,,,,,,,
Taylor Pendrith,GOLF,GOLF,105.1,,,,,,,
Matt Fitzpatrick,GOLF,GOLF,104.7,,,,,,,
Denny McCarthy,GOLF,GOLF,104.3,,,,,,,
Kurt Kitayama,GOLF,GOLF,104.3,,,,,,,
Andrew Novak,GOLF,GOLF,103.9,,,,,,,
Brian Harman,GOLF,GOLF,103.9,,,,,,,
Sungjae Im,GOLF,GOLF,103.6,,,,,,,
Nico Echavarria,GOLF,GOLF,103.6,,,,,,,
Ben Kohles,GOLF,GOLF,103.6,,,,,,,
Seamus Power,GOLF,GOLF,103.1,,,,,,,
Corey Conners,GOLF,GOLF,102.7,,,,,,,
Stephan Jaeger,GOLF,GOLF,102.2,,,,,,,
Kris Ventura,GOLF,GOLF,102,,,,,,,
Mackenzie Hughes,GOLF,GOLF,101.9,,,,,,,
Doug Ghim,GOLF,GOLF,101.7,,,,,,,
Sam Ryder,GOLF,GOLF,101.7,,,,,,,
Chad Ramey,GOLF,GOLF,101.3,,,,,,,
Rickie Fowler,GOLF,GOLF,101.3,,,,,,,
Kevin Roy,GOLF,GOLF,100.7,,,,,,,
Chris Kirk,GOLF,GOLF,100.5,,,,,,,
Ryo Hisatsune,GOLF,GOLF,99.4,,,,,,,
Justin Thomas,GOLF,GOLF,98.9,,,,,,,
Victor Perez,GOLF,GOLF,98.8,,,,,,,
Gary Woodland,GOLF,GOLF,98.7,,,,,,,
Keegan Bradley,GOLF,GOLF,98.1,,,,,,,
Keith Mitchell,GOLF,GOLF,97.7,,,,,,,
Sami Valimaki,GOLF,GOLF,96.9,,,,,,,
Ricky Castillo,GOLF,GOLF,96.7,,,,,,,
Patrick Cantlay,GOLF,GOLF,96.7,,,,,,,
Russell Henley,GOLF,GOLF,96.1,,,,,,,
Nick Taylor,GOLF,GOLF,95.5,,,,,,,
Greyson Sigg,GOLF,GOLF,95.2,,,,,,,
Steven Fisk,GOLF,GOLF,95.1,,,,,,,
Ludvig Aberg,GOLF,GOLF,95,,,,,,,
Takumi Kanaya,GOLF,GOLF,94.8,,,,,,,
Tom Kim,GOLF,GOLF,94.1,,,,,,,
Chan Kim,GOLF,GOLF,94.1,,,,,,,
Max Homa,GOLF,GOLF,93.8,,,,,,,
David Lipsky,GOLF,GOLF,93.3,,,,,,,
William Mouw,GOLF,GOLF,93.1,,,,,,,
Adam Svensson,GOLF,GOLF,93.1,,,,,,,
Aaron Rai,GOLF,GOLF,92,,,,,,,
Justin Lower,GOLF,GOLF,91.7,,,,,,,
Tom Hoge,GOLF,GOLF,91.6,,,,,,,
Thomas Detry,GOLF,GOLF,91.6,,,,,,,
Adam Hadwin,GOLF,GOLF,91.5,,,,,,,
Henrik Norlander,GOLF,GOLF,91,,,,,,,
Taylor Moore,GOLF,GOLF,90.4,,,,,,,
Ben Silverman,GOLF,GOLF,89.9,,,,,,,
Thorbjorn Olesen,GOLF,GOLF,89.7,,,,,,,
Lee Hodges,GOLF,GOLF,89.5,,,,,,,
Daniel Berger,GOLF,GOLF,89.2,,,,,,,
Lucas Glover,GOLF,GOLF,89,,,,,,,
Matt Wallace,GOLF,GOLF,88.9,,,,,,,
Thomas Rosenmueller,GOLF,GOLF,88.8,,,,,,,
Adam Schenk,GOLF,GOLF,88.7,,,,,,,
Carson Young,GOLF,GOLF,87.4,,,,,,,
A'ja Wilson,WNBA,WNBA,203.1,,,,,,,
Dearica Hamby,WNBA,WNBA,166.9,,,,,,,
Aliyah Boston,WNBA,WNBA,166,,,,,,,
Alyssa Thomas,WNBA,WNBA,165,,,,,,,
Jackie Young,WNBA,WNBA,160,,,,,,,
Napheesa Collier,WNBA,WNBA,159,,,,,,,
Nneka Ogwumike,WNBA,WNBA,156.2,,,,,,,
Kelsey Plum,WNBA,WNBA,154.5,,,,,,,
Allisha Gray,WNBA,WNBA,149.1,,,,,,,
Kelsey Mitchell,WNBA,WNBA,146.9,,,,,,,
Courtney Williams,WNBA,WNBA,145.7,,,,,,,
Skylar Diggins,WNBA,WNBA,143.6,,,,,,,
Sabrina Ionescu,WNBA,WNBA,142,,,,,,,
Paige Bueckers,WNBA,WNBA,140.7,,,,,,,
Veronica Burton,WNBA,WNBA,137,,,,,,,
Azura Stevens,WNBA,WNBA,136.1,,,,,,,
Brionna Jones,WNBA,WNBA,128.9,,,,,,,
Gabby Williams,WNBA,WNBA,124.9,,,,,,,
Rhyne Howard,WNBA,WNBA,124.9,,,,,,,
Alanna Smith,WNBA,WNBA,120.7,,,,,,,
Breanna Stewart,WNBA,WNBA,118.7,,,,,,,
Satou Sabally,WNBA,WNBA,118,,,,,,,
Sonia Citron,WNBA,WNBA,115.7,,,,,,,
Chelsea Gray,WNBA,WNBA,115.1,,,,,,,
Kamilla Cardoso,WNBA,WNBA,114.2,,,,,,,
Tina Charles,WNBA,WNBA,110.9,,,,,,,
Kayla McBride,WNBA,WNBA,109.2,,,,,,,
Natasha Howard,WNBA,WNBA,108.8,,,,,,,
Kiki Iriafen,WNBA,WNBA,108.7,,,,,,,
Ezi Magbegor,WNBA,WNBA,108.4,,,,,,,
Natasha Cloud,WNBA,WNBA,103.8,,,,,,,
Jewell Loyd,WNBA,WNBA,100.9,,,,,,,
Angel Reese,WNBA,WNBA,99.4,,,,,,,
Naz Hillmon,WNBA,WNBA,96.9,,,,,,,
Brittney Sykes,WNBA,WNBA,96.4,,,,,,,
Erica Wheeler,WNBA,WNBA,95.1,,,,,,,
Jonquel Jones,WNBA,WNBA,93.6,,,,,,,
Shakira Austin,WNBA,WNBA,92.2,,,,,,,
Rickea Jackson,WNBA,WNBA,87.8,,,,,,,
Jessica Shepard,WNBA,WNBA,87.8,,,,,,,
Saniya Rivers,WNBA,WNBA,87.5,,,,,,,
Marina Mabrey,WNBA,WNBA,85.3,,,,,,,
Natisha Hiedeman,WNBA,WNBA,85.1,,,,,,,
Ariel Atkins,WNBA,WNBA,85.1,,,,,,,
Elizabeth Williams,WNBA,WNBA,82.4,,,,,,,
Lexie Hull,WNBA,WNBA,80.8,,,,,,,
Arike Ogunbowale,WNBA,WNBA,79.8,,,,,,,
Jordin Canada,WNBA,WNBA,79.1,,,,,,,
Sami Whitcomb,WNBA,WNBA,76.7,,,,,,,
Bridget Carleton,WNBA,WNBA,76.4,,,,,,,
NaLyssa Smith,WNBA,WNBA,73.7,,,,,,,
Myisha Hines-Allen,WNBA,WNBA,73.5,,,,,,,
Brittney Griner,WNBA,WNBA,73,,,,,,,
Janelle Salaun,WNBA,WNBA,72.2,,,,,,,
Temi Fagbenle,WNBA,WNBA,70.9,,,,,,,
Rachel Banham,WNBA,WNBA,70.3,,,,,,,
Julie Allemand,WNBA,WNBA,69.3,,,,,,,
Olivia Nelson-Ododa,WNBA,WNBA,69,,,,,,,
Aneesah Morrow,WNBA,WNBA,68.8,,,,,,,
Dominique Malonga,WNBA,WNBA,68.8,,,,,,,
Leonie Fiebich,WNBA,WNBA,67.1,,,,,,,
Monique Akoa Makani,WNBA,WNBA,65.8,,,,,,,
DeWanna Bonner,WNBA,WNBA,64.6,,,,,,,
Kahleah Copper,WNBA,WNBA,64.5,,,,,,,
Natasha Mack,WNBA,WNBA,64.2,,,,,,,
Sug Sutton,WNBA,WNBA,63,,,,,,,
Maddy Siegrist,WNBA,WNBA,62.1,,,,,,,
Bria Hartley,WNBA,WNBA,61.2,,,,,,,
Dana Evans,WNBA,WNBA,61,,,,,,,
Te-Hina Paopao,WNBA,WNBA,61,,,,,,,
Leila Lacan,WNBA,WNBA,59.2,,,,,,,
Kayla Thornton,WNBA,WNBA,58.6,,,,,,,
Maya Caldwell,WNBA,WNBA,58.5,,,,,,,
Kennedy Burke,WNBA,WNBA,57.9,,,,,,,
Tiffany Hayes,WNBA,WNBA,57.5,,,,,,,
DiJonai Carrington,WNBA,WNBA,57,,,,,,,
Marine Johannes,WNBA,WNBA,56.8,,,,,,,
Aziaha James,WNBA,WNBA,56.5,,,,,,,
Kathryn Westbeld,WNBA,WNBA,53.7,,,,,,,
Rebecca Allen,WNBA,WNBA,52.5,,,,,,,
Sophie Cunningham,WNBA,WNBA,52.3,,,,,,,
Jade Melbourne,WNBA,WNBA,52,,,,,,,
Odyssey Sims,WNBA,WNBA,51.1,,,,,,,
Kia Nurse,WNBA,WNBA,50.9,,,,,,,
Kaila Charles,WNBA,WNBA,49.7,,,,,,,
Kate Martin,WNBA,WNBA,49.7,,,,,,,
Emma Meesseman,WNBA,WNBA,48.5,,,,,,,
Aari McDonald,WNBA,WNBA,46.9,,,,,,,
Luisa Geiselsoder,WNBA,WNBA,46.5,,,,,,,
Emily Engstler,WNBA,WNBA,46.3,,,,,,,
Jacy Sheldon,WNBA,WNBA,45.9,,,,,,,
Caitlin Clark,WNBA,WNBA,45.8,,,,,,,
Haley Jones,WNBA,WNBA,44.5,,,,,,,
Carla Leite,WNBA,WNBA,44.5,,,,,,,
Alysha Clark,WNBA,WNBA,43.8,,,,,,,
JJ Quinerly,WNBA,WNBA,43.3,,,,,,,
Monique Billings,WNBA,WNBA,42.7,,,,,,,
Iliana Rupert,WNBA,WNBA,41.7,,,,,,,
Li Yueru,WNBA,WNBA,41.5,,,,,,,
Nia Coffey,WNBA,WNBA,41.3,,,,,,,
Ashton Jeanty,CFB,CFBO,109.8,,,,,,,
Omarion Hampton,CFB,CFBO,84.1,,,,,,,
RJ Harvey,CFB,CFBO,81.4,,,,,,,
Cam Skattebo,CFB,CFBO,80.7,,,,,,,
Kaleb Johnson,CFB,CFBO,79.6,,,,,,,
Tahj Brooks,CFB,CFBO,76.5,,,,,,,
Dylan Sampson,CFB,CFBO,75.2,,,,,,,
Tre Stewart,CFB,CFBO,72.5,,,,,,,
Travis Hunter,CFB,CFBO,71.5,,,,,,,
Mario Anderson Jr.,CFB,CFBO,71.4,,,,,,,
Cameron Ward,CFB,CFBO,70.5,,,,,,,
John Mateer,CFB,CFBO,70.2,,,,,,,
Devin Neal,CFB,CFBO,69,,,,,,,
Jaxson Dart,CFB,CFBO,65.8,,,,,,,
Makhi Hughes,CFB,CFBO,65.3,,,,,,,
LeQuint Allen,CFB,CFBO,65.2,,,,,,,
Shedeur Sanders,CFB,CFBO,64.8,,,,,,,
Brashard Smith,CFB,CFBO,63.2,,,,,,,
Nick Nash,CFB,CFBO,63.1,,,,,,,
Cade Klubnik,CFB,CFBO,61.4,,,,,,,
Marquez Cooper,CFB,CFBO,60.6,,,,,,,
Demond Claiborne,CFB,CFBO,60.3,,,,,,,
Woody Marks,CFB,CFBO,59.8,,,,,,,
Kyle McCord,CFB,CFBO,59.7,,,,,,,
Ahmad Hardy,CFB,CFBO,59.1,,,,,,,
Kyle Monangai,CFB,CFBO,58.8,,,,,,,
DJ Giddens,CFB,CFBO,58.6,,,,,,,
Harold Fannin Jr.,CFB,CFBO,58.5,,,,,,,
Jordan James,CFB,CFBO,58,,,,,,,
Jalen Milroe,CFB,CFBO,57.3,,,,,,,
CJ Campbell Jr.,CFB,CFBO,57.3,,,,,,,
Chandler Morris,CFB,CFBO,56.9,,,,,,,
Quinton Cooley,CFB,CFBO,56.7,,,,,,,
Desmond Reid,CFB,CFBO,56.6,,,,,,,
Bhayshul Tuten,CFB,CFBO,56.4,,,,,,,
Jeremiyah Love,CFB,CFBO,55.2,,,,,,,
Anthony Hankerson,CFB,CFBO,54.4,,,,,,,
Dillon Gabriel,CFB,CFBO,54.3,,,,,,,
Jarquez Hunter,CFB,CFBO,53.9,,,,,,,
Raheim Sanders,CFB,CFBO,53.8,,,,,,,
Bryson Washington,CFB,CFBO,53.4,,,,,,,
Alonza Barnett III,CFB,CFBO,53.4,,,,,,,
Devon Dampier,CFB,CFBO,52.7,,,,,,,
Garrett Nussmeier,CFB,CFBO,52.2,,,,,,,
Isaac Brown,CFB,CFBO,52.1,,,,,,,
Darius Taylor,CFB,CFBO,52.1,,,,,,,
Dean Connors,CFB,CFBO,51,,,,,,,
Jordan McCloud,CFB,CFBO,50.7,,,,,,,
Eric Rivers,CFB,CFBO,50.6,,,,,,,
Jamaal Pritchett,CFB,CFBO,50.4,,,,,,,
Will Howard,CFB,CFBO,50,,,,,,,
Josh Hoover,CFB,CFBO,49.9,,,,,,,
Shaun Dolac,CFB,CFBO,49.7,,,,,,,
Owen McCown,CFB,CFBO,49.5,,,,,,,
Tetairoa McMillan,CFB,CFBO,49.3,,,,,,,
Jonah Coleman,CFB,CFBO,49.1,,,,,,,
Devonte Ross,CFB,CFBO,49.1,,,,,,,
Tyler Warren,CFB,CFBO,49,,,,,,,
Eli Sanders,CFB,CFBO,48.9,,,,,,,
Carson Beck,CFB,CFBO,48.4,,,,,,,
Tyler Huff,CFB,CFBO,48.3,,,,,,,
Jordyn Tyson,CFB,CFBO,48.2,,,,,,,
Kyle Williams,CFB,CFBO,48.2,,,,,,,
Xavier Restrepo,CFB,CFBO,47.9,,,,,,,
Seth Henigan,CFB,CFBO,47.7,,,,,,,
Behren Morton,CFB,CFBO,47.6,,,,,,,
Rahsul Faison,CFB,CFBO,47.6,,,,,,,
Al-Jay Henderson,CFB,CFBO,47.5,,,,,,,
Rocco Becht,CFB,CFBO,47.4,,,,,,,
Ollie Gordon II,CFB,CFBO,47.4,,,,,,,
Sawyer Robertson,CFB,CFBO,47.1,,,,,,,
Kurtis Rourke,CFB,CFBO,47,,,,,,,
LaNorris Sellers,CFB,CFBO,46.8,,,,,,,
Riley Leonard,CFB,CFBO,46.7,,,,,,,
Jackson Woodard,CFB,CFBO,46.7,,,,,,,
Gio Lopez,CFB,CFBO,46.6,,,,,,,
Ricky White III,CFB,CFBO,46.6,,,,,,,
Tai Felton,CFB,CFBO,46.4,,,,,,,
Tyler Shough,CFB,CFBO,46.4,,,,,,,
Phil Mafah,CFB,CFBO,46.3,,,,,,,
Micah Bernard,CFB,CFBO,46.1,,,,,,,
Pat Bryant,CFB,CFBO,46,,,,,,,
Bryson Daily,CFB,CFBO,46,,,,,,,
Brendan Sorsby,CFB,CFBO,45.9,,,,,,,
Nick Singleton,CFB,CFBO,45.7,,,,,,,
Coleman Owen,CFB,CFBO,45.6,,,,,,,
Sam Leavitt,CFB,CFBO,45.5,,,,,,,
Corey Kiner,CFB,CFBO,45.4,,,,,,,
Kevin Jennings,CFB,CFBO,45.4,,,,,,,
Kalel Mullings,CFB,CFBO,45.4,,,,,,,
Brendon Lewis,CFB,CFBO,45.3,,,,,,,
Avery Johnson,CFB,CFBO,45,,,,,,,
Rahjai Harris,CFB,CFBO,45,,,,,,,
Ja'Quinden Jackson,CFB,CFBO,45,,,,,,,
Jayden Higgins,CFB,CFBO,44.7,,,,,,,
Taylen Green,CFB,CFBO,44.6,,,,,,,
Ismail Mahdi,CFB,CFBO,44.5,,,,,,,
Fernando Mendoza,CFB,CFBO,44.3,,,,,,,
Luke Altmyer,CFB,CFBO,44.2,,,,,,,
Jamal Haynes,CFB,CFBO,44.1,,,,,,,
George Pettaway,CFB,CFBO,43.7,,,,,,,
Caden Veltkamp,CFB,CFBO,43.7,,,,,,,
Jake Retzlaff,CFB,CFBO,43.7,,,,,,,
Diego Pavia,CFB,CFBO,43.5,,,,,,,
Avery Morrow,CFB,CFBO,43.4,,,,,,,
Hajj-Malik Williams,CFB,CFBO,43.4,,,,,,,
Fluff Bothwell,CFB,CFBO,43.3,,,,,,,
Tucker Gleason,CFB,CFBO,43.2,,,,,,,
Lee Beebe Jr.,CFB,CFBO,43.2,,,,,,,
Jack Bech,CFB,CFBO,43.1,,,,,,,
Seth McGowan,CFB,CFBO,42.9,,,,,,,
Damien Martinez,CFB,CFBO,42.9,,,,,,,
Jaden Nixon,CFB,CFBO,42.9,,,,,,,
Jeremiah Smith,CFB,CFBO,42.8,,,,,,,
Savion Williams,CFB,CFBO,42.8,,,,,,,
Drew Allar,CFB,CFBO,42.8,,,,,,,
Maddux Madsen,CFB,CFBO,42.8,,,,,,,
LaJohntay Wester,CFB,CFBO,42.8,,,,,,,
Elijah Young,CFB,CFBO,42.6,,,,,,,
Jai’Den Thomas,CFB,CFBO,42.6,,,,,,,
Kadin Semonza,CFB,CFBO,42.4,,,,,,,
Payton Thorne,CFB,CFBO,42.4,,,,,,,
C.J. Ogbonna,CFB,CFBO,42.4,,,,,,,
Ja'Corey Brooks,CFB,CFBO,42.1,,,,,,,
Tre Harris,CFB,CFBO,42.1,,,,,,,
Star Thomas,CFB,CFBO,42.1,,,,,,,
DT Sheffield,CFB,CFBO,42.1,,,,,,,
Kenneth Almendares,CFB,CFBO,42,,,,,,,
Ted Hurst,CFB,CFBO,41.8,,,,,,,
Freddie Brock IV,CFB,CFBO,41.5,,,,,,,
Maalik Murphy,CFB,CFBO,41.4,,,,,,,
Antonio Williams,CFB,CFBO,41.2,,,,,,,
Jerjuan Newton,CFB,CFBO,41.1,,,,,,,
Haynes King,CFB,CFBO,41.1,,,,,,,
Aaron Young,CFB,CFBO,41,,,,,,,
Cole Snyder,CFB,CFBO,41,,,,,,,
Damien Taylor,CFB,CFBO,40.9,,,,,,,
Nico Iamaleava,CFB,CFBO,40.8,,,,,,,
Ryan Williams,CFB,CFBO,40.6,,,,,,,
Eli Heidenreich,CFB,CFBO,40.6,,,,,,,
Delbert Mimms III,CFB,CFBO,40.4,,,,,,,
Anthony Tyus III,CFB,CFBO,40.4,,,,,,,
Quinshon Judkins,CFB,CFBO,40.4,,,,,,,
Braydon Bennett,CFB,CFBO,40.3,,,,,,,
KeAndre Lambert-Smith,CFB,CFBO,40.2,,,,,,,
Jaylin Noel,CFB,CFBO,40.2,,,,,,,
Parker Navarro,CFB,CFBO,39.9,,,,,,,
Ben Wooldridge,CFB,CFBO,39.9,,,,,,,
Josh Kelly,CFB,CFBO,39.7,,,,,,,
Justice Ellison,CFB,CFBO,39.7,,,,,,,
Quali Conley,CFB,CFBO,39.7,,,,,,,
Mac Dalena,CFB,CFBO,39.7,,,,,,,
Keyon Mozee,CFB,CFBO,39.6,,,,,,,
Brayden Schager,CFB,CFBO,39.5,,,,,,,
Kelley Joiner,CFB,CFBO,39.4,,,,,,,
Joey Aguilar,CFB,CFBO,39.4,,,,,,,
Caden Durham,CFB,CFBO,39.3,,,,,,,
Keyone Jenkins,CFB,CFBO,39.2,,,,,,,
Andrew Armstrong,CFB,CFBO,39.2,,,,,,,
A.J. Turner,CFB,CFBO,39,,,,,,,
Max Brosmer,CFB,CFBO,38.9,,,,,,,
Tawee Walker,CFB,CFBO,38.8,,,,,,,
Le'Veon Moss,CFB,CFBO,38.8,,,,,,,
Kyle Louis,CFB,CFBO,38.8,,,,,,,
Corey Rucker,CFB,CFBO,38.7,,,,,,,
Kyren Lacy,CFB,CFBO,38.6,,,,,,,
Bill Davis,CFB,CFBO,38.4,,,,,,,
Billy Edwards Jr.,CFB,CFBO,38.4,,,,,,,
Cam Edwards,CFB,CFBO,38.2,,,,,,,
Blake Horvath,CFB,CFBO,38.1,,,,,,,
Justin Lockhart,CFB,CFBO,38,,,,,,,
Jaylen Raynor,CFB,CFBO,37.9,,,,,,,
Wisner,CFB,CFBO,37.9,,,,,,,
Elijah Sarratt,CFB,CFBO,37.9,,,,,,,
Kanye Udoh,CFB,CFBO,37.8,,,,,,,
Darian Mensah,CFB,CFBO,37.4,,,,,,,
Jahiem White,CFB,CFBO,37.3,,,,,,,
Robert Henry,CFB,CFBO,37.2,,,,,,,
Kaidon Salter,CFB,CFBO,37.1,,,,,,,
Davon Booth,CFB,CFBO,37.1,,,,,,,
Braedon Sloan,CFB,CFBO,37.1,,,,,,,
Connor Bazelak,CFB,CFBO,37.1,,,,,,,
Trebor Pena,CFB,CFBO,36.8,,,,,,,
Jackson Meeks,CFB,CFBO,36.7,,,,,,,
Taariq Al-Uqdah,CFB,CFBO,36.3,,,,,,,
Aaron Anderson,CFB,CFBO,36.2,,,,,,,
Brayden Fowler-Nicolosi,CFB,CFBO,36.2,,,,,,,
Caden Davis,CFB,CFBO,36.2,,,,,,,
Caden Chittenden,CFB,CFBO,36.1,,,,,,,
Jalen White,CFB,CFBO,36.1,,,,,,,
Brady Cook,CFB,CFBO,36,,,,,,,
Jay Ducker,CFB,CFBO,35.9,,,,,,,
Chandler Martin,CFB,CFBO,35.9,,,,,,,
TreVeyon Henderson,CFB,CFBO,35.9,,,,,,,
Terion Stewart,CFB,CFBO,35.9,,,,,,,
Tez Johnson,CFB,CFBO,35.9,,,,,,,
Marion Lukes,CFB,CFBO,35.8,,,,,,,
Brett Gabbert,CFB,CFBO,35.8,,,,,,,
Jalon Daniels,CFB,CFBO,35.8,,,,,,,
Tru Edwards,CFB,CFBO,35.7,,,,,,,
